Date,Close
5/28/2014 16:00,63.51
5/29/2014 16:00,63.83
5/30/2014 16:00,63.3
6/2/2014 16:00,63.08
6/3/2014 16:00,62.87
6/4/2014 16:00,63.34
6/5/2014 16:00,63.19
6/6/2014 16:00,62.5
6/9/2014 16:00,62.88
6/10/2014 16:00,65.77
6/11/2014 16:00,65.78
6/12/2014 16:00,64.29
6/13/2014 16:00,64.5
6/16/2014 16:00,64.19
6/17/2014 16:00,64.4
6/18/2014 16:00,65.6
6/19/2014 16:00,64.34
6/20/2014 16:00,64.5
6/23/2014 16:00,65.37
6/24/2014 16:00,65.72
6/25/2014 16:00,67.44
6/26/2014 16:00,67.13
6/27/2014 16:00,67.6
6/30/2014 16:00,67.29
7/1/2014 16:00,68.06
7/2/2014 16:00,66.45
7/3/2014 16:00,66.29
7/7/2014 16:00,65.29
7/8/2014 16:00,62.76
7/9/2014 16:00,64.97
7/10/2014 16:00,64.87
7/11/2014 16:00,66.34
7/14/2014 16:00,67.9
7/15/2014 16:00,67.17
7/16/2014 16:00,67.66
7/17/2014 16:00,66.41
7/18/2014 16:00,68.42
7/21/2014 16:00,69.4
7/22/2014 16:00,69.27
7/23/2014 16:00,71.29
7/24/2014 16:00,74.98
7/25/2014 16:00,75.19
7/28/2014 16:00,74.92
7/29/2014 16:00,73.71
7/30/2014 16:00,74.68
7/31/2014 16:00,72.65
8/1/2014 16:00,72.36
8/4/2014 16:00,73.51
8/5/2014 16:00,72.69
8/6/2014 16:00,72.47
8/7/2014 16:00,73.17
8/8/2014 16:00,73.06
8/11/2014 16:00,73.44
8/12/2014 16:00,72.83
8/13/2014 16:00,73.77
8/14/2014 16:00,74.3
8/15/2014 16:00,73.63
8/18/2014 16:00,74.59
8/19/2014 16:00,75.29
8/20/2014 16:00,74.81
8/21/2014 16:00,74.57
8/22/2014 16:00,74.57
8/25/2014 16:00,75.02
8/26/2014 16:00,75.96
8/27/2014 16:00,74.63
8/28/2014 16:00,73.86
8/29/2014 16:00,74.82
9/2/2014 16:00,76.68
9/3/2014 16:00,75.83
9/4/2014 16:00,75.95
9/5/2014 16:00,77.26
9/8/2014 16:00,77.89
9/9/2014 16:00,76.67
9/10/2014 16:00,77.43
9/11/2014 16:00,77.92
9/12/2014 16:00,77.48
9/15/2014 16:00,74.58
9/16/2014 16:00,76.08
9/17/2014 16:00,76.43
9/18/2014 16:00,77
9/19/2014 16:00,77.91
9/22/2014 16:00,76.8
9/23/2014 16:00,78.29
9/24/2014 16:00,78.54
9/25/2014 16:00,77.22
9/26/2014 16:00,78.79
9/29/2014 16:00,79
9/30/2014 16:00,79.04
10/1/2014 16:00,76.55
10/2/2014 16:00,77.08
10/3/2014 16:00,77.44
10/6/2014 16:00,77.56
10/7/2014 16:00,76.29
10/8/2014 16:00,77.52
10/9/2014 16:00,75.91
10/10/2014 16:00,72.91
10/13/2014 16:00,72.99
10/14/2014 16:00,73.59
10/15/2014 16:00,73.21
10/16/2014 16:00,72.63
10/17/2014 16:00,75.95
10/20/2014 16:00,76.95
10/21/2014 16:00,78.69
10/22/2014 16:00,78.37
10/23/2014 16:00,80.04
10/24/2014 16:00,80.67
10/27/2014 16:00,80.28
10/28/2014 16:00,80.77
10/29/2014 16:00,75.86
10/30/2014 16:00,74.11
10/31/2014 16:00,74.99
11/3/2014 16:00,73.88
11/4/2014 16:00,75.76
11/5/2014 16:00,74.83
11/6/2014 16:00,75.26
11/7/2014 16:00,75.6
11/10/2014 16:00,75
11/11/2014 16:00,74.61
11/12/2014 16:00,74.72
11/13/2014 16:00,74.25
11/14/2014 16:00,74.88
11/17/2014 16:00,74.24
11/18/2014 16:00,74.34
11/19/2014 16:00,73.33
11/20/2014 16:00,73.6
11/21/2014 16:00,73.75
11/24/2014 16:00,74.01
11/25/2014 16:00,75.63
11/26/2014 16:00,77.62
11/28/2014 16:00,77.7
12/1/2014 16:00,75.1
12/2/2014 16:00,75.46
12/3/2014 16:00,74.88
12/4/2014 16:00,75.24
12/5/2014 16:00,76.36
12/8/2014 16:00,76.52
12/9/2014 16:00,76.84
12/10/2014 16:00,76.18
12/11/2014 16:00,77.73
12/12/2014 16:00,77.83
12/15/2014 16:00,76.99
12/16/2014 16:00,74.69
12/17/2014 16:00,76.11
12/18/2014 16:00,78.4
12/19/2014 16:00,79.88
12/22/2014 16:00,81.45
12/23/2014 16:00,80.61
12/24/2014 16:00,80.77
12/26/2014 16:00,80.78
12/29/2014 16:00,80.02
12/30/2014 16:00,79.22
12/31/2014 16:00,78.02
1/2/2015 16:00,78.45
1/5/2015 16:00,77.19
1/6/2015 16:00,76.15
1/7/2015 16:00,76.15
1/8/2015 16:00,78.18
1/9/2015 16:00,77.74
1/12/2015 16:00,76.72
1/13/2015 16:00,76.45
1/14/2015 16:00,76.28
1/15/2015 16:00,74.05
1/16/2015 16:00,75.18
1/20/2015 16:00,76.24
1/21/2015 16:00,76.74
1/22/2015 16:00,77.65
1/23/2015 16:00,77.83
1/26/2015 16:00,77.5
1/27/2015 16:00,75.78
1/28/2015 16:00,76.24
1/29/2015 16:00,78
1/30/2015 16:00,75.91
2/2/2015 16:00,74.99
2/3/2015 16:00,75.4
2/4/2015 16:00,75.63
2/5/2015 16:00,75.61
2/6/2015 16:00,74.47
2/9/2015 16:00,74.44
2/10/2015 16:00,75.19
2/11/2015 16:00,76.51
2/12/2015 16:00,76.23
2/13/2015 16:00,75.74
2/17/2015 16:00,75.6
2/18/2015 16:00,76.71
2/19/2015 16:00,79.42
2/20/2015 16:00,79.9
2/23/2015 16:00,78.84
2/24/2015 16:00,78.45
2/25/2015 16:00,79.56
2/26/2015 16:00,80.41
2/27/2015 16:00,78.97
3/2/2015 16:00,79.75
3/3/2015 16:00,79.6
3/4/2015 16:00,80.9
3/5/2015 16:00,81.21
3/6/2015 16:00,80.01
3/9/2015 16:00,79.44
3/10/2015 16:00,77.55
3/11/2015 16:00,77.57
3/12/2015 16:00,78.93
3/13/2015 16:00,78.05
3/16/2015 16:00,78.07
3/17/2015 16:00,79.36
3/18/2015 16:00,80.91
3/19/2015 16:00,82.75
3/20/2015 16:00,83.8
3/23/2015 16:00,84.43
3/24/2015 16:00,85.31
3/25/2015 16:00,82.92
3/26/2015 16:00,83.01
3/27/2015 16:00,83.3
3/30/2015 16:00,83.2
3/31/2015 16:00,82.22
4/1/2015 16:00,81.67
4/2/2015 16:00,81.56
4/6/2015 16:00,82.44
4/7/2015 16:00,82.32
4/8/2015 16:00,82.28
4/9/2015 16:00,82.17
4/10/2015 16:00,82.04
4/13/2015 16:00,83.01
4/14/2015 16:00,83.52
4/15/2015 16:00,82.71
4/16/2015 16:00,82.31
4/17/2015 16:00,80.78
4/20/2015 16:00,83.09
4/21/2015 16:00,83.62
4/22/2015 16:00,84.63
4/23/2015 16:00,82.41
4/24/2015 16:00,81.53
4/27/2015 16:00,81.91
4/28/2015 16:00,80.68
4/29/2015 16:00,80.47
4/30/2015 16:00,78.77
5/1/2015 16:00,78.99
5/4/2015 16:00,78.81
5/5/2015 16:00,77.56
5/6/2015 16:00,78.1
5/7/2015 16:00,78.43
5/8/2015 16:00,78.51
5/11/2015 16:00,78.01
5/12/2015 16:00,77.46
5/13/2015 16:00,78.44
5/14/2015 16:00,81.37
5/15/2015 16:00,80.42
5/18/2015 16:00,80.88
5/19/2015 16:00,80.63
5/20/2015 16:00,80.55
5/21/2015 16:00,80.48
5/22/2015 16:00,80.54
5/26/2015 16:00,79.33
5/27/2015 16:00,80.55
5/28/2015 16:00,80.15
5/29/2015 16:00,79.19
6/1/2015 16:00,80.29
6/2/2015 16:00,80.44
6/3/2015 16:00,82.44
6/4/2015 16:00,82.05
6/5/2015 16:00,82.14
6/8/2015 16:00,80.67
6/9/2015 16:00,80.67
6/10/2015 16:00,82.16
6/11/2015 16:00,81.83
6/12/2015 16:00,81.53
6/15/2015 16:00,80.71
6/16/2015 16:00,81.06
6/17/2015 16:00,81.79
6/18/2015 16:00,82.91
6/19/2015 16:00,82.51
6/22/2015 16:00,84.74
6/23/2015 16:00,87.88
6/24/2015 16:00,88.86
6/25/2015 16:00,87.98
6/26/2015 16:00,88.01
6/29/2015 16:00,85.8
6/30/2015 16:00,85.77
7/1/2015 16:00,86.91
7/2/2015 16:00,87.29
7/6/2015 16:00,87.55
7/7/2015 16:00,87.22
7/8/2015 16:00,85.65
7/9/2015 16:00,85.88
7/10/2015 16:00,87.95
7/13/2015 16:00,90.1
7/14/2015 16:00,89.68
7/15/2015 16:00,89.76
7/16/2015 16:00,90.85
7/17/2015 16:00,94.97
7/20/2015 16:00,97.91
7/21/2015 16:00,98.39
7/22/2015 16:00,97.04
7/23/2015 16:00,95.44
7/24/2015 16:00,96.95
7/27/2015 16:00,94.17
7/28/2015 16:00,95.29
7/29/2015 16:00,96.99
7/30/2015 16:00,95.21
7/31/2015 16:00,94.01
8/3/2015 16:00,94.14
8/4/2015 16:00,94.06
8/5/2015 16:00,96.44
8/6/2015 16:00,95.12
8/7/2015 16:00,94.3
8/10/2015 16:00,94.15
8/11/2015 16:00,93.62
8/12/2015 16:00,94.19
8/13/2015 16:00,93.43
8/14/2015 16:00,94.42
8/17/2015 16:00,93.93
8/18/2015 16:00,95.17
8/19/2015 16:00,95.31
8/20/2015 16:00,90.56
8/21/2015 16:00,86.06
8/24/2015 16:00,82.09
8/25/2015 16:00,83
8/26/2015 16:00,87.19
8/27/2015 16:00,89.73
8/28/2015 16:00,91.01
8/31/2015 16:00,89.43
9/1/2015 16:00,87.23
9/2/2015 16:00,89.89
9/3/2015 16:00,88.15
9/4/2015 16:00,88.26
9/8/2015 16:00,89.53
9/9/2015 16:00,90.44
9/10/2015 16:00,91.98
9/11/2015 16:00,92.05
9/14/2015 16:00,92.31
9/15/2015 16:00,92.9
9/16/2015 16:00,93.45
9/17/2015 16:00,94.34
9/18/2015 16:00,94.4
9/21/2015 16:00,95.55
9/22/2015 16:00,92.96
9/23/2015 16:00,93.97
9/24/2015 16:00,94.41
9/25/2015 16:00,92.77
9/28/2015 16:00,89.21
9/29/2015 16:00,86.67
9/30/2015 16:00,89.9
10/1/2015 16:00,90.95
10/2/2015 16:00,92.07
10/5/2015 16:00,94.01
10/6/2015 16:00,92.8
10/7/2015 16:00,92.4
10/8/2015 16:00,92.47
10/9/2015 16:00,93.24
10/12/2015 16:00,94.26
10/13/2015 16:00,94.12
10/14/2015 16:00,94.07
10/15/2015 16:00,95.96
10/16/2015 16:00,97.54
10/19/2015 16:00,98.47
10/20/2015 16:00,97
10/21/2015 16:00,97.11
10/22/2015 16:00,99.67
10/23/2015 16:00,102.19
10/26/2015 16:00,103.77
10/27/2015 16:00,103.7
10/28/2015 16:00,104.2
10/29/2015 16:00,104.88
10/30/2015 16:00,101.97
11/2/2015 16:00,103.31
11/3/2015 16:00,102.58
11/4/2015 16:00,103.94
11/5/2015 16:00,108.76
11/6/2015 16:00,107.1
11/9/2015 16:00,106.49
11/10/2015 16:00,107.91
11/11/2015 16:00,109.01
11/12/2015 16:00,108.02
11/13/2015 16:00,103.95
11/16/2015 16:00,104.04
11/17/2015 16:00,105.13
11/18/2015 16:00,107.77
11/19/2015 16:00,106.26
11/20/2015 16:00,107.32
11/23/2015 16:00,106.95
11/24/2015 16:00,105.74
11/25/2015 16:00,105.41
11/27/2015 16:00,105.45
11/30/2015 16:00,104.24
12/1/2015 16:00,107.12
12/2/2015 16:00,106.07
12/3/2015 16:00,104.38
12/4/2015 16:00,106.18
12/7/2015 16:00,105.61
12/8/2015 16:00,106.49
12/9/2015 16:00,104.6
12/10/2015 16:00,105.42
12/11/2015 16:00,102.12
12/14/2015 16:00,104.66
12/15/2015 16:00,104.55
12/16/2015 16:00,106.79
12/17/2015 16:00,106.22
12/18/2015 16:00,104.04
12/21/2015 16:00,104.77
12/22/2015 16:00,105.51
12/23/2015 16:00,104.63
12/24/2015 16:00,105.02
12/28/2015 16:00,105.93
12/29/2015 16:00,107.26
12/30/2015 16:00,106.22
12/31/2015 16:00,104.66
1/4/2016 16:00,102.22
1/5/2016 16:00,102.73
1/6/2016 16:00,102.97
1/7/2016 16:00,97.92
1/8/2016 16:00,97.33
1/11/2016 16:00,97.51
1/12/2016 16:00,99.37
1/13/2016 16:00,95.44
1/14/2016 16:00,98.37
1/15/2016 16:00,94.97
1/19/2016 16:00,95.26
1/20/2016 16:00,94.35
1/21/2016 16:00,94.16
1/22/2016 16:00,97.94
1/25/2016 16:00,97.01
1/26/2016 16:00,97.34
1/27/2016 16:00,94.45
1/28/2016 16:00,109.11
1/29/2016 16:00,112.21
2/1/2016 16:00,115.09
2/2/2016 16:00,114.61
2/3/2016 16:00,112.69
2/4/2016 16:00,110.49
2/5/2016 16:00,104.07
2/8/2016 16:00,99.75
2/9/2016 16:00,99.54
2/10/2016 16:00,101
2/11/2016 16:00,101.91
2/12/2016 16:00,102.01
2/16/2016 16:00,101.61
2/17/2016 16:00,105.2
2/18/2016 16:00,103.47
2/19/2016 16:00,104.57
2/22/2016 16:00,107.16
2/23/2016 16:00,105.46
2/24/2016 16:00,106.88
2/25/2016 16:00,108.07
2/26/2016 16:00,107.92
2/29/2016 16:00,106.92
3/1/2016 16:00,109.82
3/2/2016 16:00,109.95
3/3/2016 16:00,109.58
3/4/2016 16:00,108.39
3/7/2016 16:00,105.73
3/8/2016 16:00,105.93
3/9/2016 16:00,107.51
3/10/2016 16:00,107.32
3/11/2016 16:00,109.41
3/14/2016 16:00,109.89
3/15/2016 16:00,110.67
3/16/2016 16:00,112.18
3/17/2016 16:00,111.02
3/18/2016 16:00,111.45
3/21/2016 16:00,111.85
3/22/2016 16:00,112.25
3/23/2016 16:00,112.54
3/24/2016 16:00,113.05
3/28/2016 16:00,113.69
3/29/2016 16:00,116.14
3/30/2016 16:00,114.7
3/31/2016 16:00,114.1
4/1/2016 16:00,116.06
4/4/2016 16:00,112.55
4/5/2016 16:00,112.22
4/6/2016 16:00,113.71
4/7/2016 16:00,113.64
4/8/2016 16:00,110.63
4/11/2016 16:00,108.99
4/12/2016 16:00,110.61
4/13/2016 16:00,110.51
4/14/2016 16:00,110.84
4/15/2016 16:00,109.64
4/18/2016 16:00,110.45
4/19/2016 16:00,112.29
4/20/2016 16:00,112.42
4/21/2016 16:00,113.44
4/22/2016 16:00,110.56
4/25/2016 16:00,110.1
4/26/2016 16:00,108.76
4/27/2016 16:00,108.89
4/28/2016 16:00,116.73
4/29/2016 16:00,117.58
5/2/2016 16:00,118.57
5/3/2016 16:00,117.43
5/4/2016 16:00,118.06
5/5/2016 16:00,117.81
5/6/2016 16:00,119.49
5/9/2016 16:00,119.24
5/10/2016 16:00,120.5
5/11/2016 16:00,119.52
5/12/2016 16:00,120.28
5/13/2016 16:00,119.81
5/16/2016 16:00,118.67
5/17/2016 16:00,117.35
5/18/2016 16:00,117.65
5/19/2016 16:00,116.81
5/20/2016 16:00,117.35
5/23/2016 16:00,115.97
5/24/2016 16:00,117.7
5/25/2016 16:00,117.89
5/26/2016 16:00,119.47
5/27/2016 16:00,119.38
5/31/2016 16:00,118.81
6/1/2016 16:00,118.78
6/2/2016 16:00,118.93
6/3/2016 16:00,118.47
6/6/2016 16:00,118.79
6/7/2016 16:00,117.76
6/8/2016 16:00,118.39
6/9/2016 16:00,118.56
6/10/2016 16:00,116.62
6/13/2016 16:00,113.95
6/14/2016 16:00,114.94
6/15/2016 16:00,114.6
6/16/2016 16:00,114.39
6/17/2016 16:00,113.02
6/20/2016 16:00,113.37
6/21/2016 16:00,114.38
6/22/2016 16:00,113.91
6/23/2016 16:00,115.08
6/24/2016 16:00,112.08
6/27/2016 16:00,108.97
6/28/2016 16:00,112.7
6/29/2016 16:00,114.16
6/30/2016 16:00,114.28
7/1/2016 16:00,114.19
7/5/2016 16:00,114
7/6/2016 16:00,116.7
7/7/2016 16:00,115.85
7/8/2016 16:00,117.24
7/11/2016 16:00,117.87
7/12/2016 16:00,117.93
7/13/2016 16:00,116.78
7/14/2016 16:00,117.29
7/15/2016 16:00,116.86
7/18/2016 16:00,119.37
7/19/2016 16:00,120.61
7/20/2016 16:00,121.92
7/21/2016 16:00,120.61
7/22/2016 16:00,121
7/25/2016 16:00,121.63
7/26/2016 16:00,121.22
7/27/2016 16:00,123.34
7/28/2016 16:00,125
7/29/2016 16:00,123.94
8/1/2016 16:00,124.31
8/2/2016 16:00,123.09
8/3/2016 16:00,122.51
8/4/2016 16:00,124.36
8/5/2016 16:00,125.15
8/8/2016 16:00,125.26
8/9/2016 16:00,125.06
8/10/2016 16:00,124.88
8/11/2016 16:00,124.9
8/12/2016 16:00,124.88
8/15/2016 16:00,123.9
8/16/2016 16:00,123.3
8/17/2016 16:00,124.37
8/18/2016 16:00,123.91
8/19/2016 16:00,123.56
8/22/2016 16:00,124.15
8/23/2016 16:00,124.37
8/24/2016 16:00,123.48
8/25/2016 16:00,123.89
8/26/2016 16:00,124.96
8/29/2016 16:00,126.54
8/30/2016 16:00,125.84
8/31/2016 16:00,126.12
9/1/2016 16:00,126.17
9/2/2016 16:00,126.51
9/6/2016 16:00,129.73
9/7/2016 16:00,131.05
9/8/2016 16:00,130.27
9/9/2016 16:00,127.1
9/12/2016 16:00,128.69
9/13/2016 16:00,127.21
9/14/2016 16:00,127.77
9/15/2016 16:00,128.35
9/16/2016 16:00,129.07
9/19/2016 16:00,128.65
9/20/2016 16:00,128.64
9/21/2016 16:00,129.94
9/22/2016 16:00,130.08
9/23/2016 16:00,127.96
9/26/2016 16:00,127.31
9/27/2016 16:00,128.69
9/28/2016 16:00,129.23
9/29/2016 16:00,128.09
9/30/2016 16:00,128.27
10/3/2016 16:00,128.77
10/4/2016 16:00,128.19
10/5/2016 16:00,128.47
10/6/2016 16:00,128.74
10/7/2016 16:00,128.99
10/10/2016 16:00,130.24
10/11/2016 16:00,128.88
10/12/2016 16:00,129.05
10/13/2016 16:00,127.82
10/14/2016 16:00,127.88
10/17/2016 16:00,127.54
10/18/2016 16:00,128.57
10/19/2016 16:00,130.11
10/20/2016 16:00,130
10/21/2016 16:00,132.07
10/24/2016 16:00,133.28
10/25/2016 16:00,132.29
10/26/2016 16:00,131.04
10/27/2016 16:00,129.69
10/28/2016 16:00,131.29
10/31/2016 16:00,130.99
11/1/2016 16:00,129.5
11/2/2016 16:00,127.17
11/3/2016 16:00,120
11/4/2016 16:00,120.75
11/7/2016 16:00,122.15
11/8/2016 16:00,124.22
11/9/2016 16:00,123.18
11/10/2016 16:00,120.8
11/11/2016 16:00,119.02
11/14/2016 16:00,115.08
11/15/2016 16:00,117.2
11/16/2016 16:00,116.34
11/17/2016 16:00,117.79
11/18/2016 16:00,117.02
11/21/2016 16:00,121.77
11/22/2016 16:00,121.47
11/23/2016 16:00,120.84
11/25/2016 16:00,120.38
11/28/2016 16:00,120.41
11/29/2016 16:00,120.87
11/30/2016 16:00,118.42
12/1/2016 16:00,115.1
12/2/2016 16:00,115.4
12/5/2016 16:00,117.43
12/6/2016 16:00,117.31
12/7/2016 16:00,117.95
12/8/2016 16:00,118.91
12/9/2016 16:00,119.68
12/12/2016 16:00,117.77
12/13/2016 16:00,120.31
12/14/2016 16:00,120.21
12/15/2016 16:00,120.57
12/16/2016 16:00,119.87
12/19/2016 16:00,119.24
12/20/2016 16:00,119.09
12/21/2016 16:00,119.04
12/22/2016 16:00,117.4
12/23/2016 16:00,117.27
12/27/2016 16:00,118.01
12/28/2016 16:00,116.92
12/29/2016 16:00,116.35
12/30/2016 16:00,115.05
1/3/2017 16:00,116.86
1/4/2017 16:00,118.69
1/5/2017 16:00,120.67
1/6/2017 16:00,123.41
1/9/2017 16:00,124.9
1/10/2017 16:00,124.35
1/11/2017 16:00,126.09
1/12/2017 16:00,126.62
1/13/2017 16:00,128.34
1/17/2017 16:00,127.87
1/18/2017 16:00,127.92
1/19/2017 16:00,127.55
1/20/2017 16:00,127.04
1/23/2017 16:00,128.93
1/24/2017 16:00,129.37
1/25/2017 16:00,131.48
1/26/2017 16:00,132.78
1/27/2017 16:00,132.18
1/30/2017 16:00,130.98
1/31/2017 16:00,130.32
2/1/2017 16:00,133.23
2/2/2017 16:00,130.84
2/3/2017 16:00,130.98
2/6/2017 16:00,132.06
2/7/2017 16:00,131.84
2/8/2017 16:00,134.2
2/9/2017 16:00,134.14
2/10/2017 16:00,134.19
2/13/2017 16:00,134.05
2/14/2017 16:00,133.85
2/15/2017 16:00,133.44
2/16/2017 16:00,133.84
2/17/2017 16:00,133.53
2/21/2017 16:00,133.72
2/22/2017 16:00,136.12
2/23/2017 16:00,135.36
2/24/2017 16:00,135.44
2/27/2017 16:00,136.41
2/28/2017 16:00,135.54
3/1/2017 16:00,137.42
3/2/2017 16:00,136.76
3/3/2017 16:00,137.17
3/6/2017 16:00,137.42
3/7/2017 16:00,137.3
3/8/2017 16:00,137.72
3/9/2017 16:00,138.24
3/10/2017 16:00,138.79
3/13/2017 16:00,139.6
3/14/2017 16:00,139.32
3/15/2017 16:00,139.72
3/16/2017 16:00,139.99
3/17/2017 16:00,139.84
3/20/2017 16:00,139.94
3/21/2017 16:00,138.51
3/22/2017 16:00,139.59
3/23/2017 16:00,139.53
3/24/2017 16:00,140.34
3/27/2017 16:00,140.32
3/28/2017 16:00,141.76
3/29/2017 16:00,142.65
3/30/2017 16:00,142.41
3/31/2017 16:00,142.05
4/3/2017 16:00,142.28
4/4/2017 16:00,141.73
4/5/2017 16:00,141.85
4/6/2017 16:00,141.17
4/7/2017 16:00,140.78
4/10/2017 16:00,141.04
4/11/2017 16:00,139.92
4/12/2017 16:00,139.58
4/13/2017 16:00,139.39
4/17/2017 16:00,141.42
4/18/2017 16:00,140.96
4/19/2017 16:00,142.27
4/20/2017 16:00,143.8
4/21/2017 16:00,143.68
4/24/2017 16:00,145.47
4/25/2017 16:00,146.49
4/26/2017 16:00,146.56
4/27/2017 16:00,147.7
4/28/2017 16:00,150.25
5/1/2017 16:00,152.46
5/2/2017 16:00,152.78
5/3/2017 16:00,151.8
5/4/2017 16:00,150.85
5/5/2017 16:00,150.24
5/8/2017 16:00,151.06
5/9/2017 16:00,150.48
5/10/2017 16:00,150.29
5/11/2017 16:00,150.04
5/12/2017 16:00,150.33
5/15/2017 16:00,150.19
5/16/2017 16:00,149.78
5/17/2017 16:00,144.85
5/18/2017 16:00,147.66
5/19/2017 16:00,148.06
5/22/2017 16:00,148.24
5/23/2017 16:00,148.07
5/24/2017 16:00,150.04
5/25/2017 16:00,151.96
5/26/2017 16:00,152.13
5/30/2017 16:00,152.38
5/31/2017 16:00,151.46
6/1/2017 16:00,151.53
6/2/2017 16:00,153.61
6/5/2017 16:00,153.63
6/6/2017 16:00,152.81
6/7/2017 16:00,153.12
6/8/2017 16:00,154.71
6/9/2017 16:00,149.6
6/12/2017 16:00,148.44
6/13/2017 16:00,150.68
6/14/2017 16:00,150.25
6/15/2017 16:00,149.8
6/16/2017 16:00,150.64
6/19/2017 16:00,152.87
6/20/2017 16:00,152.25
6/21/2017 16:00,153.91
6/22/2017 16:00,153.4
6/23/2017 16:00,155.07
6/26/2017 16:00,153.59
6/27/2017 16:00,150.58
6/28/2017 16:00,153.24
6/29/2017 16:00,151.04
6/30/2017 16:00,150.98
7/3/2017 16:00,148.43
7/5/2017 16:00,150.34
7/6/2017 16:00,148.82
7/7/2017 16:00,151.44
7/10/2017 16:00,153.5
7/11/2017 16:00,155.27
7/12/2017 16:00,158.9
7/13/2017 16:00,159.26
7/14/2017 16:00,159.97
7/17/2017 16:00,159.73
7/18/2017 16:00,162.86
7/19/2017 16:00,164.14
7/20/2017 16:00,164.53
7/21/2017 16:00,164.43
7/24/2017 16:00,166
7/25/2017 16:00,165.28
7/26/2017 16:00,165.61
7/27/2017 16:00,170.44
7/28/2017 16:00,172.45
7/31/2017 16:00,169.25
8/1/2017 16:00,169.86
8/2/2017 16:00,169.3
8/3/2017 16:00,168.59
8/4/2017 16:00,169.62
8/7/2017 16:00,171.98
8/8/2017 16:00,171.23
8/9/2017 16:00,171.18
8/10/2017 16:00,167.4
8/11/2017 16:00,168.08
8/14/2017 16:00,170.75
8/15/2017 16:00,171
8/16/2017 16:00,170
8/17/2017 16:00,166.91
8/18/2017 16:00,167.41
8/21/2017 16:00,167.78
8/22/2017 16:00,169.64
8/23/2017 16:00,168.71
8/24/2017 16:00,167.74
8/25/2017 16:00,166.32
8/28/2017 16:00,167.24
8/29/2017 16:00,168.05
8/30/2017 16:00,169.92
8/31/2017 16:00,171.97
9/1/2017 16:00,172.02
9/5/2017 16:00,170.72
9/6/2017 16:00,172.09
9/7/2017 16:00,173.21
9/8/2017 16:00,170.95
9/11/2017 16:00,173.51
9/12/2017 16:00,172.96
9/13/2017 16:00,173.05
9/14/2017 16:00,170.96
9/15/2017 16:00,171.64
9/18/2017 16:00,170.01
9/19/2017 16:00,172.52
9/20/2017 16:00,172.17
9/21/2017 16:00,171.11
9/22/2017 16:00,170.54
9/25/2017 16:00,162.87
9/26/2017 16:00,164.21
9/27/2017 16:00,167.68
9/28/2017 16:00,168.73
9/29/2017 16:00,170.87
10/2/2017 16:00,169.47
10/3/2017 16:00,169.96
10/4/2017 16:00,168.42
10/5/2017 16:00,171.24
10/6/2017 16:00,172.23
10/9/2017 16:00,172.5
10/10/2017 16:00,171.59
10/11/2017 16:00,172.74
10/12/2017 16:00,172.55
10/13/2017 16:00,173.74
10/16/2017 16:00,174.52
10/17/2017 16:00,176.11
10/18/2017 16:00,176.03
10/19/2017 16:00,174.56
10/20/2017 16:00,174.98
10/23/2017 16:00,171.27
10/24/2017 16:00,171.8
10/25/2017 16:00,170.6
10/26/2017 16:00,170.63
10/27/2017 16:00,177.88
10/30/2017 16:00,179.87
10/31/2017 16:00,180.06
11/1/2017 16:00,182.66
11/2/2017 16:00,178.92
11/3/2017 16:00,178.92
11/6/2017 16:00,180.17
11/7/2017 16:00,180.25
11/8/2017 16:00,179.56
11/9/2017 16:00,179.3
11/10/2017 16:00,178.46
11/13/2017 16:00,178.77
11/14/2017 16:00,178.07
11/15/2017 16:00,177.95
11/16/2017 16:00,179.59
11/17/2017 16:00,179
11/20/2017 16:00,178.74
11/21/2017 16:00,181.86
11/22/2017 16:00,180.87
11/24/2017 13:00,182.78
11/27/2017 16:00,183.03
11/28/2017 16:00,182.42
11/29/2017 16:00,175.13
11/30/2017 16:00,177.18
12/1/2017 16:00,175.1
12/4/2017 16:00,171.47
12/5/2017 16:00,172.83
12/6/2017 16:00,176.06
12/7/2017 16:00,180.14
12/8/2017 16:00,179
12/11/2017 16:00,179.04
12/12/2017 16:00,176.96
12/13/2017 16:00,178.3
12/14/2017 16:00,178.39
12/15/2017 16:00,180.18
12/18/2017 16:00,180.82
12/19/2017 16:00,179.51
12/20/2017 16:00,177.89
12/21/2017 16:00,177.45
12/22/2017 16:00,177.2
12/26/2017 16:00,175.99
12/27/2017 16:00,177.62
12/28/2017 16:00,177.92
12/29/2017 16:00,176.46
1/2/2018 16:00,181.42
1/3/2018 16:00,184.67
1/4/2018 16:00,184.33
1/5/2018 16:00,186.85
1/8/2018 16:00,188.28
1/9/2018 16:00,187.87
1/10/2018 16:00,187.84
1/11/2018 16:00,187.77
1/12/2018 16:00,179.37
1/16/2018 16:00,178.39
1/17/2018 16:00,177.6
1/18/2018 16:00,179.8
1/19/2018 16:00,181.29
1/22/2018 16:00,185.37
1/23/2018 16:00,189.35
1/24/2018 16:00,186.55
1/25/2018 16:00,187.48
1/26/2018 16:00,190
1/29/2018 16:00,185.98
1/30/2018 16:00,187.12
1/31/2018 16:00,186.89
2/1/2018 16:00,193.09
2/2/2018 16:00,190.28
2/5/2018 16:00,181.26
2/6/2018 16:00,185.31
2/7/2018 16:00,180.18
2/8/2018 16:00,171.58
2/9/2018 16:00,176.11
2/12/2018 16:00,176.41
2/13/2018 16:00,173.15
2/14/2018 16:00,179.52
2/15/2018 16:00,179.96
2/16/2018 16:00,177.36
2/20/2018 16:00,176.01
2/21/2018 16:00,177.91
2/22/2018 16:00,178.99
2/23/2018 16:00,183.29
2/26/2018 16:00,184.93
2/27/2018 16:00,181.46
2/28/2018 16:00,178.32
3/1/2018 16:00,175.94
3/2/2018 16:00,176.62
3/5/2018 16:00,180.4
3/6/2018 16:00,179.78
3/7/2018 16:00,183.71
3/8/2018 16:00,182.34
3/9/2018 16:00,185.23
3/12/2018 16:00,184.76
3/13/2018 16:00,181.88
3/14/2018 16:00,184.19
3/15/2018 16:00,183.86
3/16/2018 16:00,185.09
3/19/2018 16:00,172.56
3/20/2018 16:00,168.15
3/21/2018 16:00,169.39
3/22/2018 16:00,164.89
3/23/2018 16:00,159.39
3/26/2018 16:00,160.06
3/27/2018 16:00,152.22
3/28/2018 16:00,153.03
3/29/2018 16:00,159.79
4/2/2018 16:00,155.39
4/3/2018 16:00,156.11
4/4/2018 16:00,155.1
4/5/2018 16:00,159.34
4/6/2018 16:00,157.2
4/9/2018 16:00,157.93
4/10/2018 16:00,165.04
4/11/2018 16:00,166.32
4/12/2018 16:00,163.87
4/13/2018 16:00,164.52
4/16/2018 16:00,164.83
4/17/2018 16:00,168.66
4/18/2018 16:00,166.36
4/19/2018 16:00,168.1
4/20/2018 16:00,166.28
4/23/2018 16:00,165.84
4/24/2018 16:00,159.69
4/25/2018 16:00,159.69
4/26/2018 16:00,174.16
4/27/2018 16:00,173.59
4/30/2018 16:00,172
5/1/2018 16:00,173.86
5/2/2018 16:00,176.07
5/3/2018 16:00,174.02
5/4/2018 16:00,176.61
5/7/2018 16:00,177.97
5/8/2018 16:00,178.92
5/9/2018 16:00,182.66
5/10/2018 16:00,185.53
5/11/2018 16:00,186.99
5/14/2018 16:00,186.64
5/15/2018 16:00,184.32
5/16/2018 16:00,183.2
5/17/2018 16:00,183.76
5/18/2018 16:00,182.68
5/21/2018 16:00,184.49
5/22/2018 16:00,183.8
5/23/2018 16:00,186.9
5/24/2018 16:00,185.93
5/25/2018 16:00,184.92
5/29/2018 16:00,185.74
5/30/2018 16:00,187.67
5/31/2018 16:00,191.78
6/1/2018 16:00,193.99
6/4/2018 16:00,193.28
6/5/2018 16:00,192.94
6/6/2018 16:00,191.34
6/7/2018 16:00,188.18
6/8/2018 16:00,189.1
6/11/2018 16:00,191.54
6/12/2018 16:00,192.4
6/13/2018 16:00,192.41
6/14/2018 16:00,196.81
6/15/2018 16:00,195.85
6/18/2018 16:00,198.31
6/19/2018 16:00,197.49
6/20/2018 16:00,202
6/21/2018 16:00,201.5
6/22/2018 16:00,201.74
6/25/2018 16:00,196.35
6/26/2018 16:00,199
6/27/2018 16:00,195.84
6/28/2018 16:00,196.23
6/29/2018 16:00,194.32
7/2/2018 16:00,197.36
7/3/2018 13:00,192.73
7/5/2018 16:00,198.45
7/6/2018 16:00,203.23
7/9/2018 16:00,204.74
7/10/2018 16:00,203.54
7/11/2018 16:00,202.54
7/12/2018 16:00,206.92
7/13/2018 16:00,207.32
7/16/2018 16:00,207.23
7/17/2018 16:00,209.99
7/18/2018 16:00,209.36
7/19/2018 16:00,208.09
7/20/2018 16:00,209.94
7/23/2018 16:00,210.91
7/24/2018 16:00,214.67
7/25/2018 16:00,217.5
7/26/2018 16:00,176.26
7/27/2018 16:00,174.89
7/30/2018 16:00,171.06
7/31/2018 16:00,172.58
8/1/2018 16:00,171.65
8/2/2018 16:00,176.37
8/3/2018 16:00,177.78
8/6/2018 16:00,185.69
8/7/2018 16:00,183.81
8/8/2018 16:00,185.18
8/9/2018 16:00,183.09
8/10/2018 16:00,180.26
8/13/2018 16:00,180.05
8/14/2018 16:00,181.11
8/15/2018 16:00,179.53
8/16/2018 16:00,174.7
8/17/2018 16:00,173.8
8/20/2018 16:00,172.5
8/21/2018 16:00,172.62
8/22/2018 16:00,173.64
8/23/2018 16:00,172.9
8/24/2018 16:00,174.65
8/27/2018 16:00,177.46
8/28/2018 16:00,176.26
8/29/2018 16:00,175.9
8/30/2018 16:00,177.64
8/31/2018 16:00,175.73
9/4/2018 16:00,171.16
9/5/2018 16:00,167.18
9/6/2018 16:00,162.53
9/7/2018 16:00,163.04
9/10/2018 16:00,164.18
9/11/2018 16:00,165.94
9/12/2018 16:00,162
9/13/2018 16:00,161.36
9/14/2018 16:00,162.32
9/17/2018 16:00,160.58
9/18/2018 16:00,160.3
9/19/2018 16:00,163.06
9/20/2018 16:00,166.02
9/21/2018 16:00,162.93
9/24/2018 16:00,165.41
9/25/2018 16:00,164.91
9/26/2018 16:00,166.95
9/27/2018 16:00,168.84
9/28/2018 16:00,164.46
10/1/2018 16:00,162.44
10/2/2018 16:00,159.33
10/3/2018 16:00,162.43
10/4/2018 16:00,158.85
10/5/2018 16:00,157.33
10/8/2018 16:00,157.25
10/9/2018 16:00,157.9
10/10/2018 16:00,151.38
10/11/2018 16:00,153.35
10/12/2018 16:00,153.74
10/15/2018 16:00,153.52
10/16/2018 16:00,158.78
10/17/2018 16:00,159.42
10/18/2018 16:00,154.92
10/19/2018 16:00,154.05
10/22/2018 16:00,154.78
10/23/2018 16:00,154.39
10/24/2018 16:00,146.04
10/25/2018 16:00,150.95
10/26/2018 16:00,145.37
10/29/2018 16:00,142.09
10/30/2018 16:00,146.22
10/31/2018 16:00,151.79
11/1/2018 16:00,151.75
11/2/2018 16:00,150.35
11/5/2018 16:00,148.68
11/6/2018 16:00,149.94
11/7/2018 16:00,151.53
11/8/2018 16:00,147.87
11/9/2018 16:00,144.96
11/12/2018 16:00,141.55
11/13/2018 16:00,142.16
11/14/2018 16:00,144.22
11/15/2018 16:00,143.85
11/16/2018 16:00,139.53
11/19/2018 16:00,131.55
11/20/2018 16:00,132.43
11/21/2018 16:00,134.82
11/23/2018 13:00,131.73
11/26/2018 16:00,136.38
11/27/2018 16:00,135
11/28/2018 16:00,136.76
11/29/2018 16:00,138.68
11/30/2018 16:00,140.61
12/3/2018 16:00,141.09
12/4/2018 16:00,137.93
12/6/2018 16:00,139.63
12/7/2018 16:00,137.42
12/10/2018 16:00,141.85
12/11/2018 16:00,142.08
12/12/2018 16:00,144.5
12/13/2018 16:00,145.01
12/14/2018 16:00,144.06
12/17/2018 16:00,140.19
12/18/2018 16:00,143.66
12/19/2018 16:00,133.24
12/20/2018 16:00,133.4
12/21/2018 16:00,124.95
12/24/2018 13:00,124.06
12/26/2018 16:00,134.18
12/27/2018 16:00,134.52
12/28/2018 16:00,133.2
12/31/2018 16:00,131.09
1/2/2019 16:00,135.68
1/3/2019 16:00,131.74
1/4/2019 16:00,137.95
1/7/2019 16:00,138.05
1/8/2019 16:00,142.53
1/9/2019 16:00,144.23
1/10/2019 16:00,144.2
1/11/2019 16:00,143.8
1/14/2019 16:00,145.39
1/15/2019 16:00,148.95
1/16/2019 16:00,147.54
1/17/2019 16:00,148.3
1/18/2019 16:00,150.04
1/22/2019 16:00,147.57
1/23/2019 16:00,144.3
1/24/2019 16:00,145.83
1/25/2019 16:00,149.01
1/28/2019 16:00,147.47
1/29/2019 16:00,144.19
1/30/2019 16:00,150.42
1/31/2019 16:00,166.69
2/1/2019 16:00,165.71
2/4/2019 16:00,169.25
2/5/2019 16:00,171.16
2/6/2019 16:00,170.49
2/7/2019 16:00,166.38
2/8/2019 16:00,167.33
2/11/2019 16:00,165.79
2/12/2019 16:00,165.04
2/13/2019 16:00,164.07
2/14/2019 16:00,163.95
2/15/2019 16:00,162.5
2/19/2019 16:00,162.29
2/20/2019 16:00,162.56
2/21/2019 16:00,160.04
2/22/2019 16:00,161.89
2/25/2019 16:00,164.62
2/26/2019 16:00,164.13
2/27/2019 16:00,162.81
2/28/2019 16:00,161.45
3/1/2019 16:00,162.28
3/4/2019 16:00,167.37
3/5/2019 16:00,171.26
3/6/2019 16:00,172.51
3/7/2019 16:00,169.13
3/8/2019 16:00,169.6
3/11/2019 16:00,172.07
3/12/2019 16:00,171.92
3/13/2019 16:00,173.37
3/14/2019 16:00,170.17
3/15/2019 16:00,165.98
3/18/2019 16:00,160.47
3/19/2019 16:00,161.57
3/20/2019 16:00,165.44
3/21/2019 16:00,166.08
3/22/2019 16:00,164.34
3/25/2019 16:00,166.29
3/26/2019 16:00,167.68
3/27/2019 16:00,165.87
3/28/2019 16:00,165.55
3/29/2019 16:00,166.69
4/1/2019 16:00,168.7
4/2/2019 16:00,174.2
4/3/2019 16:00,173.54
4/4/2019 16:00,176.02
4/5/2019 16:00,175.72
4/8/2019 16:00,174.93
4/9/2019 16:00,177.58
4/10/2019 16:00,177.82
4/11/2019 16:00,177.51
4/12/2019 16:00,179.1
4/15/2019 16:00,179.65
4/16/2019 16:00,178.87
4/17/2019 16:00,178.78
4/18/2019 16:00,178.28
4/22/2019 16:00,181.44
4/23/2019 16:00,183.78
4/24/2019 16:00,182.58
4/25/2019 16:00,193.26
4/26/2019 16:00,191.49
4/29/2019 16:00,194.78
4/30/2019 16:00,193.4
5/1/2019 16:00,193.03
5/2/2019 16:00,192.53
5/3/2019 16:00,195.47
5/6/2019 16:00,193.88
5/7/2019 16:00,189.77
5/8/2019 16:00,189.54
5/9/2019 16:00,188.65
5/10/2019 16:00,188.34
5/13/2019 16:00,181.54
5/14/2019 16:00,180.73
5/15/2019 16:00,186.27
5/16/2019 16:00,186.99
5/17/2019 16:00,185.3
5/20/2019 16:00,182.72
5/21/2019 16:00,184.82
5/22/2019 16:00,185.32
5/23/2019 16:00,180.87
5/24/2019 16:00,181.06
5/28/2019 16:00,184.31
5/29/2019 16:00,182.19
5/30/2019 16:00,183.01
5/31/2019 16:00,177.47
6/3/2019 16:00,164.15
6/4/2019 16:00,167.5
6/5/2019 16:00,168.17
6/6/2019 16:00,168.33
6/7/2019 16:00,173.35
6/10/2019 16:00,174.82
6/11/2019 16:00,178.1
6/12/2019 16:00,175.04
6/13/2019 16:00,177.47
6/14/2019 16:00,181.33
6/17/2019 16:00,189.01
6/18/2019 16:00,188.47
6/19/2019 16:00,187.48
6/20/2019 16:00,189.53
6/21/2019 16:00,191.14
6/24/2019 16:00,192.6
6/25/2019 16:00,188.84
6/26/2019 16:00,187.66
6/27/2019 16:00,189.5
6/28/2019 16:00,193
7/1/2019 16:00,193
7/2/2019 16:00,195
7/3/2019 13:00,197.2
7/5/2019 16:00,196.4
7/8/2019 16:00,195.76
7/9/2019 16:00,199.21
7/10/2019 16:00,202.73
7/11/2019 16:00,201.23
7/12/2019 16:00,204.87
7/15/2019 16:00,203.91
7/16/2019 16:00,203.84
7/17/2019 16:00,201.8
7/18/2019 16:00,200.78
7/19/2019 16:00,198.36
7/22/2019 16:00,202.32
7/23/2019 16:00,202.36
7/24/2019 16:00,204.66
7/25/2019 16:00,200.71
7/26/2019 16:00,199.75
7/29/2019 16:00,195.94
7/30/2019 16:00,197.04
7/31/2019 16:00,194.23
8/1/2019 16:00,192.73
8/2/2019 16:00,189.02
8/5/2019 16:00,181.73
8/6/2019 16:00,184.51
8/7/2019 16:00,185.15
8/8/2019 16:00,190.16
8/9/2019 16:00,187.85
8/12/2019 16:00,185.37
8/13/2019 16:00,188.45
8/14/2019 16:00,179.71
8/15/2019 16:00,182.59
8/16/2019 16:00,183.7
8/19/2019 16:00,186.17
8/20/2019 16:00,183.81
8/21/2019 16:00,183.55
8/22/2019 16:00,182.04
8/23/2019 16:00,177.75
8/26/2019 16:00,180.36
8/27/2019 16:00,181.3
8/28/2019 16:00,181.76
8/29/2019 16:00,185.57
8/30/2019 16:00,185.67
9/3/2019 16:00,182.39
9/4/2019 16:00,187.14
9/5/2019 16:00,190.9
9/6/2019 16:00,187.49
9/9/2019 16:00,188.76
9/10/2019 16:00,186.17
9/11/2019 16:00,188.49
9/12/2019 16:00,187.47
9/13/2019 16:00,187.19
9/16/2019 16:00,186.22
9/17/2019 16:00,188.08
9/18/2019 16:00,188.14
9/19/2019 16:00,190.14
9/20/2019 16:00,189.93
9/23/2019 16:00,186.82
9/24/2019 16:00,181.28
9/25/2019 16:00,182.8
9/26/2019 16:00,180.11
9/27/2019 16:00,177.1
9/30/2019 16:00,178.08
10/1/2019 16:00,175.81
10/2/2019 16:00,174.6
10/3/2019 16:00,179.38
10/4/2019 16:00,180.45
10/7/2019 16:00,179.68
10/8/2019 16:00,177.75
10/9/2019 16:00,179.85
10/10/2019 16:00,180.03
10/11/2019 16:00,184.19
10/14/2019 16:00,183.28
10/15/2019 16:00,188.89
10/16/2019 16:00,189.55
10/17/2019 16:00,190.39
10/18/2019 16:00,185.85
10/21/2019 16:00,189.76
10/22/2019 16:00,182.34
10/23/2019 16:00,186.15
10/24/2019 16:00,186.38
10/25/2019 16:00,187.89
10/28/2019 16:00,189.4
10/29/2019 16:00,189.31
10/30/2019 16:00,188.25
10/31/2019 16:00,191.65
11/1/2019 16:00,193.62
11/4/2019 16:00,194.72
11/5/2019 16:00,194.32
11/6/2019 16:00,191.55
11/7/2019 16:00,190.42
11/8/2019 16:00,190.84
11/11/2019 16:00,189.61
11/12/2019 16:00,194.47
11/13/2019 16:00,193.19
11/14/2019 16:00,193.15
11/15/2019 16:00,195.1
11/18/2019 16:00,197.4
11/19/2019 16:00,199.32
11/20/2019 16:00,197.51
11/21/2019 16:00,197.93
11/22/2019 16:00,198.82
11/25/2019 16:00,199.79
11/26/2019 16:00,198.97
11/27/2019 16:00,202
11/29/2019 13:00,201.64
12/2/2019 16:00,199.7
12/3/2019 16:00,198.82
12/4/2019 16:00,198.71
12/5/2019 16:00,199.36
12/6/2019 16:00,201.05
12/9/2019 16:00,201.34
12/10/2019 16:00,200.87
12/11/2019 16:00,202.26
12/12/2019 16:00,196.75
12/13/2019 16:00,194.11
12/16/2019 16:00,197.92
12/17/2019 16:00,198.39
12/18/2019 16:00,202.5
12/19/2019 16:00,206.06
12/20/2019 16:00,206.3
12/23/2019 16:00,206.18
12/24/2019 13:00,205.12
12/26/2019 16:00,207.79
12/27/2019 16:00,208.1
12/30/2019 16:00,204.41
12/31/2019 16:00,205.25
1/2/2020 16:00,209.78
1/3/2020 16:00,208.67
1/6/2020 16:00,212.6
1/7/2020 16:00,213.06
1/8/2020 16:00,215.22
1/9/2020 16:00,218.3
1/10/2020 16:00,218.06
1/13/2020 16:00,221.91
1/14/2020 16:00,219.06
1/15/2020 16:00,221.15
1/16/2020 16:00,221.77
1/17/2020 16:00,222.14
1/21/2020 16:00,221.44
1/22/2020 16:00,221.32
1/23/2020 16:00,219.76
1/24/2020 16:00,217.94
1/27/2020 16:00,214.87
1/28/2020 16:00,217.79
1/29/2020 16:00,223.23
1/30/2020 16:00,209.53
1/31/2020 16:00,201.91
2/3/2020 16:00,204.19
2/4/2020 16:00,209.83
2/5/2020 16:00,210.11
2/6/2020 16:00,210.85
2/7/2020 16:00,212.33
2/10/2020 16:00,213.06
2/11/2020 16:00,207.19
2/12/2020 16:00,210.76
2/13/2020 16:00,213.14
2/14/2020 16:00,214.18
2/18/2020 16:00,217.8
2/19/2020 16:00,217.49
2/20/2020 16:00,214.58
2/21/2020 16:00,210.18
2/24/2020 16:00,200.72
2/25/2020 16:00,196.77
2/26/2020 16:00,197.2
2/27/2020 16:00,189.75
2/28/2020 16:00,192.47
3/2/2020 16:00,196.44
3/3/2020 16:00,185.89
3/4/2020 16:00,191.76
3/5/2020 16:00,185.17
3/6/2020 16:00,181.09
3/9/2020 16:00,169.5
3/10/2020 16:00,178.19
3/11/2020 16:00,170.24
3/12/2020 16:00,154.47
3/13/2020 16:00,170.28
3/16/2020 16:00,146.01
3/17/2020 16:00,149.42
3/18/2020 16:00,146.96
3/19/2020 16:00,153.13
3/20/2020 16:00,149.73
3/23/2020 16:00,148.1
3/24/2020 16:00,160.98
3/25/2020 16:00,156.21
3/26/2020 16:00,163.34
3/27/2020 16:00,156.79
3/30/2020 16:00,165.95
3/31/2020 16:00,166.8
4/1/2020 16:00,159.6
4/2/2020 16:00,158.19
4/3/2020 16:00,154.18
4/6/2020 16:00,165.55
4/7/2020 16:00,168.83
4/8/2020 16:00,174.28
4/9/2020 16:00,175.19
4/13/2020 16:00,174.79
4/14/2020 16:00,178.17
4/15/2020 16:00,176.97
4/16/2020 16:00,176.25
4/17/2020 16:00,179.24
4/20/2020 16:00,178.24
4/21/2020 16:00,170.8
4/22/2020 16:00,182.28
4/23/2020 16:00,185.13
4/24/2020 16:00,190.07
4/27/2020 16:00,187.5
4/28/2020 16:00,182.91
4/29/2020 16:00,194.19
4/30/2020 16:00,204.71
5/1/2020 16:00,202.27
5/4/2020 16:00,205.26
5/5/2020 16:00,207.07
5/6/2020 16:00,208.47
5/7/2020 16:00,211.26
5/8/2020 16:00,212.35
5/11/2020 16:00,213.18
5/12/2020 16:00,210.1
5/13/2020 16:00,205.1
5/14/2020 16:00,206.81
5/15/2020 16:00,210.88
5/18/2020 16:00,213.19
5/19/2020 16:00,216.88
5/20/2020 16:00,229.97
5/21/2020 16:00,231.39
5/22/2020 16:00,234.91
5/26/2020 16:00,232.2
5/27/2020 16:00,229.14
5/28/2020 16:00,225.46
5/29/2020 16:00,225.09
6/1/2020 16:00,231.91
6/2/2020 16:00,232.72
6/3/2020 16:00,230.16
6/4/2020 16:00,226.29
6/5/2020 16:00,230.77
6/8/2020 16:00,231.4
6/9/2020 16:00,238.67
6/10/2020 16:00,236.73
6/11/2020 16:00,224.43
6/12/2020 16:00,228.58
6/15/2020 16:00,232.5
6/16/2020 16:00,235.65
6/17/2020 16:00,235.53
6/18/2020 16:00,235.94
6/19/2020 16:00,238.79
6/22/2020 16:00,239.22
6/23/2020 16:00,242.24
6/24/2020 16:00,234.02
6/25/2020 16:00,235.68
6/26/2020 16:00,216.08
6/29/2020 16:00,220.64
6/30/2020 16:00,227.07
7/1/2020 16:00,237.55
7/2/2020 16:00,233.42
7/6/2020 16:00,240.28
7/7/2020 16:00,240.86
7/8/2020 16:00,243.58
7/9/2020 16:00,244.5
7/10/2020 16:00,245.07
7/13/2020 16:00,239
7/14/2020 16:00,239.73
7/15/2020 16:00,240.28
7/16/2020 16:00,240.93
7/17/2020 16:00,242.03
7/20/2020 16:00,245.42
7/21/2020 16:00,241.75
7/22/2020 16:00,239.87
7/23/2020 16:00,232.6
7/24/2020 16:00,230.71
7/27/2020 16:00,233.5
7/28/2020 16:00,230.12
7/29/2020 16:00,233.29
7/30/2020 16:00,234.5
7/31/2020 16:00,253.67
8/3/2020 16:00,251.96
8/4/2020 16:00,249.83
8/5/2020 16:00,249.12
8/6/2020 16:00,265.28
8/7/2020 16:00,268.44
8/10/2020 16:00,263
8/11/2020 16:00,256.13
8/12/2020 16:00,259.89
8/13/2020 16:00,261.3
8/14/2020 16:00,261.24
8/17/2020 16:00,261.16
8/18/2020 16:00,262.34
8/19/2020 16:00,262.59
8/20/2020 16:00,269.01
8/21/2020 16:00,267.01
8/24/2020 16:00,271.39
8/25/2020 16:00,280.82
8/26/2020 16:00,303.91
8/27/2020 16:00,293.22
8/28/2020 16:00,293.66
8/31/2020 16:00,293.2
9/1/2020 16:00,295.44
9/2/2020 16:00,302.5
9/3/2020 16:00,291.12
9/4/2020 16:00,282.73
9/8/2020 16:00,271.16
9/9/2020 16:00,273.72
9/10/2020 16:00,268.09
9/11/2020 16:00,266.61
9/14/2020 16:00,266.15
9/15/2020 16:00,272.42
9/16/2020 16:00,263.52
9/17/2020 16:00,254.82
9/18/2020 16:00,252.53
9/21/2020 16:00,248.15
9/22/2020 16:00,254.75
9/23/2020 16:00,249.02
9/24/2020 16:00,249.53
9/25/2020 16:00,254.82
9/28/2020 16:00,256.82
9/29/2020 16:00,261.79
9/30/2020 16:00,261.9
10/1/2020 16:00,266.63
10/2/2020 16:00,259.94
10/5/2020 16:00,264.65
10/6/2020 16:00,258.66
10/7/2020 16:00,258.12
10/8/2020 16:00,263.76
10/9/2020 16:00,264.45
10/12/2020 16:00,275.75
10/13/2020 16:00,276.14
10/14/2020 16:00,271.82
10/15/2020 16:00,266.72
10/16/2020 16:00,265.93
10/19/2020 16:00,261.4
10/20/2020 16:00,267.56
10/21/2020 16:00,278.73
10/22/2020 16:00,278.12
10/23/2020 16:00,284.79
10/26/2020 16:00,277.11
10/27/2020 16:00,283.29
10/28/2020 16:00,267.67
10/29/2020 16:00,280.83
10/30/2020 16:00,263.11
11/2/2020 16:00,261.36
11/3/2020 16:00,265.3
11/4/2020 16:00,287.38
11/5/2020 16:00,294.68
11/6/2020 16:00,293.41
11/9/2020 16:00,278.77
11/10/2020 16:00,272.43
11/11/2020 16:00,276.48
11/12/2020 16:00,275.08
11/13/2020 16:00,276.95
11/16/2020 16:00,278.96
11/17/2020 16:00,275
11/18/2020 16:00,271.97
11/19/2020 16:00,272.94
11/20/2020 16:00,269.7
11/23/2020 16:00,268.43
11/24/2020 16:00,276.92
11/25/2020 16:00,275.59
11/27/2020 13:00,277.81
11/30/2020 16:00,276.97
12/1/2020 16:00,286.55
12/2/2020 16:00,287.52
12/3/2020 16:00,281.85
12/4/2020 16:00,279.7
12/7/2020 16:00,285.58
12/8/2020 16:00,283.4
12/9/2020 16:00,277.92
12/10/2020 16:00,277.12
12/11/2020 16:00,273.55
12/14/2020 16:00,274.19
12/15/2020 16:00,275.55
12/16/2020 16:00,275.67
12/17/2020 16:00,274.48
12/18/2020 16:00,276.4
12/21/2020 16:00,272.79
12/22/2020 16:00,267.09
12/23/2020 16:00,268.11
12/24/2020 13:00,267.4
12/28/2020 16:00,277
12/29/2020 16:00,276.78
12/30/2020 16:00,271.87
12/31/2020 16:00,273.16
1/4/2021 16:00,268.94
1/5/2021 16:00,270.97
1/6/2021 16:00,263.31
1/7/2021 16:00,268.74
1/8/2021 16:00,267.57
1/11/2021 16:00,256.84
1/12/2021 16:00,251.09
1/13/2021 16:00,251.64
1/14/2021 16:00,245.64
1/15/2021 16:00,251.36
1/19/2021 16:00,261.1
1/20/2021 16:00,267.48
1/21/2021 16:00,272.87
1/22/2021 16:00,274.5
1/25/2021 16:00,278.01
1/26/2021 16:00,282.05
1/27/2021 16:00,272.14
1/28/2021 16:00,265
1/29/2021 16:00,258.33
2/1/2021 16:00,262.01
2/2/2021 16:00,267.08
2/3/2021 16:00,266.65
2/4/2021 16:00,266.49
2/5/2021 16:00,268.1
2/8/2021 16:00,266.58
2/9/2021 16:00,269.45
2/10/2021 16:00,271.87
2/11/2021 16:00,270.39
2/12/2021 16:00,270.5
2/16/2021 16:00,273.97
2/17/2021 16:00,273.57
2/18/2021 16:00,269.39
2/19/2021 16:00,261.56
2/22/2021 16:00,260.33
2/23/2021 16:00,265.86
2/24/2021 16:00,264.31
2/25/2021 16:00,254.69
2/26/2021 16:00,257.62
3/1/2021 16:00,264.91
3/2/2021 16:00,259
3/3/2021 16:00,255.41
3/4/2021 16:00,257.64
3/5/2021 16:00,264.28
3/8/2021 16:00,255.31
3/9/2021 16:00,265.74
3/10/2021 16:00,264.9
3/11/2021 16:00,273.88
3/12/2021 16:00,268.4
3/15/2021 16:00,273.75
3/16/2021 16:00,279.28
3/17/2021 16:00,284.01
3/18/2021 16:00,278.62
3/19/2021 16:00,290.11
3/22/2021 16:00,293.54
3/23/2021 16:00,290.63
3/24/2021 16:00,282.14
3/25/2021 16:00,278.74
3/26/2021 16:00,283.02
3/29/2021 16:00,290.82
3/30/2021 16:00,288
3/31/2021 16:00,294.53
4/1/2021 16:00,298.66
4/5/2021 16:00,308.91
4/6/2021 16:00,306.26
4/7/2021 16:00,313.09
4/8/2021 16:00,313.02
4/9/2021 16:00,312.46
4/12/2021 16:00,311.54
4/13/2021 16:00,309.76
4/14/2021 16:00,302.82
4/15/2021 16:00,307.82
4/16/2021 16:00,306.18
4/19/2021 16:00,302.24
4/20/2021 16:00,302.65
4/21/2021 16:00,301.47
4/22/2021 16:00,296.52
4/23/2021 16:00,301.13
4/26/2021 16:00,303.04
4/27/2021 16:00,303.57
4/28/2021 16:00,307.1
4/29/2021 16:00,329.51
4/30/2021 16:00,325.08
5/3/2021 16:00,322.58
5/4/2021 16:00,318.36
5/5/2021 16:00,315.02
5/6/2021 16:00,320.02
5/7/2021 16:00,319.08
5/10/2021 16:00,305.97
5/11/2021 16:00,306.53
5/12/2021 16:00,302.55
5/13/2021 16:00,305.26
5/14/2021 16:00,315.94
5/17/2021 16:00,315.46
5/18/2021 16:00,309.96
5/19/2021 16:00,313.59
5/20/2021 16:00,318.61
5/21/2021 16:00,316.23
5/24/2021 16:00,324.63
5/25/2021 16:00,327.79
5/26/2021 16:00,327.66
5/27/2021 16:00,332.75
5/28/2021 16:00,328.73
6/1/2021 16:00,329.13
6/2/2021 16:00,329.15
6/3/2021 16:00,326.04
6/4/2021 16:00,330.35
6/7/2021 16:00,336.58
6/8/2021 16:00,333.68
6/9/2021 16:00,330.25
6/10/2021 16:00,332.46
6/11/2021 16:00,331.26
6/14/2021 16:00,336.77
6/15/2021 16:00,336.75
6/16/2021 16:00,331.08
6/17/2021 16:00,336.51
6/18/2021 16:00,329.66
6/21/2021 16:00,332.29
6/22/2021 16:00,339.03
6/23/2021 16:00,340.59
6/24/2021 16:00,343.18
6/25/2021 16:00,341.37
6/28/2021 16:00,355.64
6/29/2021 16:00,351.89
6/30/2021 16:00,347.71
7/1/2021 16:00,354.39
7/2/2021 16:00,354.7
7/6/2021 16:00,352.78
7/7/2021 16:00,350.49
7/8/2021 16:00,345.65
7/9/2021 16:00,350.42
7/12/2021 16:00,353.16
7/13/2021 16:00,352.09
7/14/2021 16:00,347.63
7/15/2021 16:00,344.46
7/16/2021 16:00,341.16
7/19/2021 16:00,336.95
7/20/2021 16:00,341.66
7/21/2021 16:00,346.23
7/22/2021 16:00,351.19
7/23/2021 16:00,369.79
7/26/2021 16:00,372.46
7/27/2021 16:00,367.81
7/28/2021 16:00,373.28
7/29/2021 16:00,358.32
7/30/2021 16:00,356.3
8/2/2021 16:00,351.95
8/3/2021 16:00,351.24
8/4/2021 16:00,358.92
8/5/2021 16:00,362.97
8/6/2021 16:00,363.51
8/9/2021 16:00,361.61
8/10/2021 16:00,361.13
8/11/2021 16:00,359.96
8/12/2021 16:00,362.65
8/13/2021 16:00,363.18
8/16/2021 16:00,366.56
8/17/2021 16:00,358.45
8/18/2021 16:00,355.45
8/19/2021 16:00,355.12
8/20/2021 16:00,359.37
8/23/2021 16:00,363.35
8/24/2021 16:00,365.51
8/25/2021 16:00,368.39
8/26/2021 16:00,364.38
8/27/2021 16:00,372.63
8/30/2021 16:00,380.66
8/31/2021 16:00,379.38
9/1/2021 16:00,382.05
9/2/2021 16:00,375.28
9/3/2021 16:00,376.26
9/7/2021 16:00,382.18
9/8/2021 16:00,377.57
9/9/2021 16:00,378
9/10/2021 16:00,378.69
9/13/2021 16:00,376.51
9/14/2021 16:00,376.53
9/15/2021 16:00,373.92
9/16/2021 16:00,373.06
9/17/2021 16:00,364.72
9/20/2021 16:00,355.7
9/21/2021 16:00,357.48
9/22/2021 16:00,343.21
9/23/2021 16:00,345.96
9/24/2021 16:00,352.96
9/27/2021 16:00,353.58
9/28/2021 16:00,340.65
9/29/2021 16:00,339.61
9/30/2021 16:00,339.39
10/1/2021 16:00,343.01
10/4/2021 16:00,326.23
10/5/2021 16:00,332.96
10/6/2021 16:00,333.64
10/7/2021 16:00,329.22
10/8/2021 16:00,330.05
10/11/2021 16:00,325.45
10/12/2021 16:00,323.77
10/13/2021 16:00,324.54
10/14/2021 16:00,328.53
10/15/2021 16:00,324.76
10/18/2021 16:00,335.34
10/19/2021 16:00,339.99
10/20/2021 16:00,340.78
10/21/2021 16:00,341.88
10/22/2021 16:00,324.61
10/25/2021 16:00,328.69
10/26/2021 16:00,315.81
10/27/2021 16:00,312.22
10/28/2021 16:00,316.92
10/29/2021 16:00,323.57
11/1/2021 16:00,329.98
11/2/2021 16:00,328.08
11/3/2021 16:00,331.62
11/4/2021 16:00,335.85
11/5/2021 16:00,341.13
11/8/2021 16:00,338.62
11/9/2021 16:00,335.37
11/10/2021 16:00,327.64
11/11/2021 16:00,327.74
11/12/2021 16:00,340.89
11/15/2021 16:00,347.56
11/16/2021 16:00,342.96
11/17/2021 16:00,340.77
11/18/2021 16:00,338.69
11/19/2021 16:00,345.3
11/22/2021 16:00,341.01
11/23/2021 16:00,337.25
11/24/2021 16:00,341.06
11/26/2021 13:00,333.12
11/29/2021 16:00,338.03
11/30/2021 16:00,324.46
12/1/2021 16:00,310.6
12/2/2021 16:00,310.39
12/3/2021 16:00,306.84
12/6/2021 16:00,317.87
12/7/2021 16:00,322.81
12/8/2021 16:00,330.56
12/9/2021 16:00,329.82
12/10/2021 16:00,329.75
12/13/2021 16:00,334.49
12/14/2021 16:00,333.74
12/15/2021 16:00,341.66
12/16/2021 16:00,334.9
12/17/2021 16:00,333.79
12/20/2021 16:00,325.45
12/21/2021 16:00,334.2
12/22/2021 16:00,330.45
12/23/2021 16:00,335.24
12/27/2021 16:00,346.18
12/28/2021 16:00,346.22
12/29/2021 16:00,342.94
12/30/2021 16:00,344.36
12/31/2021 16:00,336.35
1/3/2022 16:00,338.54
1/4/2022 16:00,336.53
1/5/2022 16:00,324.17
1/6/2022 16:00,332.46
1/7/2022 16:00,331.79
1/10/2022 16:00,328.07
1/11/2022 16:00,334.37
1/12/2022 16:00,333.26
1/13/2022 16:00,326.48
1/14/2022 16:00,331.9
1/18/2022 16:00,318.15
1/19/2022 16:00,319.59
1/20/2022 16:00,316.56
1/21/2022 16:00,303.17
1/24/2022 16:00,308.71
1/25/2022 16:00,300.15
1/26/2022 16:00,294.63
1/27/2022 16:00,294.64
1/28/2022 16:00,301.71
1/31/2022 16:00,313.26
2/1/2022 16:00,319
2/2/2022 16:00,323
2/3/2022 16:00,237.76
2/4/2022 16:00,237.09
2/7/2022 16:00,224.91
2/8/2022 16:00,220.18
2/9/2022 16:00,232
2/10/2022 16:00,228.07
2/11/2022 16:00,219.55
2/14/2022 16:00,217.7
2/15/2022 16:00,221
2/16/2022 16:00,216.54
2/17/2022 16:00,207.71
2/18/2022 16:00,206.16
2/22/2022 16:00,202.08
2/23/2022 16:00,198.45
2/24/2022 16:00,207.6
2/25/2022 16:00,210.48
2/28/2022 16:00,211.03
3/1/2022 16:00,203.49
3/2/2022 16:00,208.11
3/3/2022 16:00,202.97
3/4/2022 16:00,200.06
3/7/2022 16:00,187.47
3/8/2022 16:00,190.29
3/9/2022 16:00,198.5
3/10/2022 16:00,195.21
3/11/2022 16:00,187.61
3/14/2022 16:00,186.63
3/15/2022 16:00,192.03
3/16/2022 16:00,203.63
3/17/2022 16:00,207.84
3/18/2022 16:00,216.49
3/21/2022 16:00,211.49
3/22/2022 16:00,216.65
3/23/2022 16:00,213.46
3/24/2022 16:00,219.57
3/25/2022 16:00,221.82
3/28/2022 16:00,223.59
3/29/2022 16:00,229.86
3/30/2022 16:00,227.85
3/31/2022 16:00,222.36
4/1/2022 16:00,224.85
4/4/2022 16:00,233.89
4/5/2022 16:00,231.84
4/6/2022 16:00,223.3
4/7/2022 16:00,222.95
4/8/2022 16:00,222.33
4/11/2022 16:00,216.46
4/12/2022 16:00,214.14
4/13/2022 16:00,214.99
4/14/2022 16:00,210.18
4/18/2022 16:00,210.77
4/19/2022 16:00,217.31
4/20/2022 16:00,200.42
4/21/2022 16:00,188.07
4/22/2022 16:00,184.11
4/25/2022 16:00,186.99
4/26/2022 16:00,180.95
4/27/2022 16:00,174.95
4/28/2022 16:00,205.73
4/29/2022 16:00,200.47
5/2/2022 16:00,211.13
5/3/2022 16:00,212.03
5/4/2022 16:00,223.41
5/5/2022 16:00,208.28
5/6/2022 16:00,203.77
5/9/2022 16:00,196.21
5/10/2022 16:00,197.65
5/11/2022 16:00,188.74
5/12/2022 16:00,191.24
5/13/2022 16:00,198.62
5/16/2022 16:00,200.04
5/17/2022 16:00,202.62
5/18/2022 16:00,192.24
5/19/2022 16:00,191.29
5/20/2022 16:00,193.54
5/23/2022 16:00,196.23
5/24/2022 16:00,181.28
5/25/2022 16:00,183.83
5/26/2022 16:00,191.63
5/27/2022 16:00,195.13
5/31/2022 16:00,193.64
6/1/2022 16:00,188.64
6/2/2022 16:00,198.86
6/3/2022 16:00,190.78
6/6/2022 16:00,194.25
6/7/2022 16:00,195.65
6/8/2022 16:00,196.64
6/9/2022 16:00,184
6/10/2022 16:00,175.57
6/13/2022 16:00,164.26
6/14/2022 16:00,163.73
6/15/2022 16:00,169.35
6/16/2022 16:00,160.87
6/17/2022 16:00,163.74
6/21/2022 16:00,157.05
6/22/2022 16:00,155.85
6/23/2022 16:00,158.75
6/24/2022 16:00,170.16
6/27/2022 16:00,169.49
6/28/2022 16:00,160.68
6/29/2022 16:00,163.94
6/30/2022 16:00,161.25
7/1/2022 16:00,160.03
7/5/2022 16:00,168.19
7/6/2022 16:00,169.77
7/7/2022 16:00,172.19
7/8/2022 16:00,170.88
7/11/2022 16:00,162.88
7/12/2022 16:00,163.27
7/13/2022 16:00,163.49
7/14/2022 16:00,158.05
7/15/2022 16:00,164.7
7/18/2022 16:00,167.23
7/19/2022 16:00,175.78
7/20/2022 16:00,183.09
7/21/2022 16:00,183.17
7/22/2022 16:00,169.27
7/25/2022 16:00,166.65
7/26/2022 16:00,159.15
7/27/2022 16:00,169.58
7/28/2022 16:00,160.72
7/29/2022 16:00,159.1
8/1/2022 16:00,159.93
8/2/2022 16:00,160.19
8/3/2022 16:00,168.8
8/4/2022 16:00,170.57
8/5/2022 16:00,167.11
8/8/2022 16:00,170.25
8/9/2022 16:00,168.53
8/10/2022 16:00,178.34
8/11/2022 16:00,177.49
8/12/2022 16:00,180.5
8/15/2022 16:00,180.89
8/16/2022 16:00,179.47
8/17/2022 16:00,174.85
8/18/2022 16:00,174.66
8/19/2022 16:00,167.96
8/22/2022 16:00,163.05
8/23/2022 16:00,161.11
8/24/2022 16:00,163.26
8/25/2022 16:00,168.78
8/26/2022 16:00,161.78
